{"cameraMode":{"drawMode":0,"name":"Shaded","section":"Shading Mode"},"sceneLighting":true,"audioPlay":false,"sceneViewState":{"showFog":true,"showMaterialUpdate":false,"showSkybox":true,"showFlares":true,"showImageEffects":true,"showParticleSystems":true},"in2DMode":false,"pivot":{"x":-8.45230770111084,"y":-6.857160568237305,"z":-2.317171096801758},"rotation":{"x":-0.314361572265625,"y":0.5770314931869507,"z":-0.25582700967788699,"w":-0.7090610861778259},"size":11.952385902404786,"orthographic":false}